location_id,clinic_name,room_number
5db16c7f68c7cc698a12f196386a8dd7,Adams PLC,302
462082990c3ce6a2e3f3ecbfde645123,Nash-Moreno,753
8a626e8ccd278d87de2828c70bb68c30,Adams PLC,739
8ab08b8d28b71569017f2045c2935f2a,Perez-Johnson,477
f5a30ad0a7b62aa4819d8f5ab1fb8a94,Perez-Johnson,562
5aa0a78591a619fe5b3ae640eb673e8b,Nash-Moreno,378
a110b26e33845f98a35674e1683f5471,Perez-Johnson,551
4a33f0255a6145945593a27d03135443,Perez-Johnson,388
38ca37f1449b6e92def045b5aa9fa50e,Perez-Johnson,655
125f7852dc5fbc7dffd48e4f4c529790,Clark-Taylor,743
a705af3e76f7c1caa4dd86e7628a274a,Clark-Taylor,881
4976426048713a3a65f139e3ff72b3f1,Nash-Moreno,714
7acfedd027e695b72172533949afdced,Clark-Taylor,793
ce4619ba46e1403b27cb66be210291e4,Clark-Taylor,716
2b5fc897de626b0caaa564fddb562ed2,Nash-Moreno,870
3cc06509c7095f51118f291f34aaa756,Adams PLC,675
7a9d969d39e8e83bf419acfd74f44e3a,Adams PLC,260
4b3655ecdc8d4d29c43940844b8a8de7,Perez-Johnson,218
bebfdaf01defc15ff5fdd2ed507f1a08,Adams PLC,528
6312a0bd4da1c72b56e514468d1ae114,Clark-Taylor,489
1b63a43de7860e36ba813a25cbb17235,Adams PLC,979
55d4c82ea32d43f301a018d53be01d0c,Clark-Taylor,816
18aea0949d779020734db976e63576bb,Perez-Johnson,207
a197c9e1bfac7f9684ac4b98ef685357,Clark-Taylor,774
038acd68867692b5dd7a04f8aae56ed3,Adams PLC,540
abb4be57f88bf896d3957a14e271d2f0,Perez-Johnson,556
ac0490736f1d4cee53a7bd0f5edbcf42,Adams PLC,779
0331012abdc2bdde49f86e70ecf39f9e,Clark-Taylor,995
c79858cfd3d9023a0ea0b080e49a0558,Perez-Johnson,981
d2e281c8663a164a29b8c8468aee584d,Perez-Johnson,764
4b313993ae8902086c86c9216db8a237,Adams PLC,352
58c5c7027cc8d8d82ee2b2f4256613a6,Clark-Taylor,650
b6b58e80bdac153f0efbc94db85c2c7e,Adams PLC,686
66f19c6a0d9efb06ca642287fd8d173e,Clark-Taylor,923
99e598c8b3d9612dfb642eb49aa8e812,Clark-Taylor,299
85b3bb3f1fb7ef2c14c9bd2e56fd6eaf,Adams PLC,732
f95298ab2b2ffaa35293dd90660c259b,Perez-Johnson,644
6a1defe990565bd58cc655702b371ac3,Adams PLC,264
70efca3176c4088a2dd1ae6d09f1f4ff,Perez-Johnson,247
d9b5d1443586e31f281e5a28502dfd2d,Clark-Taylor,713
ae590cfc429e3fa8402966952141f6a7,Clark-Taylor,136
e5714e860b240adbfcfed90eccc4d1f3,Nash-Moreno,237
275ca826a5d957d7b7484a52051f57c7,Adams PLC,953
f83b03b594bcf71e1000b0cb848d4137,Clark-Taylor,406
b39c61b23131feb37f52a18c9a707825,Perez-Johnson,723
027121f22738b14c591e644957d4a899,Adams PLC,482
085f6136f83bb42c47acbb20d52fbe66,Perez-Johnson,738
8f4cc194f09998287599d3be9614fe5a,Clark-Taylor,998
5363874b341600cddfda27833e592eb3,Clark-Taylor,844
9f289856b44b440783712ce3c643258b,Adams PLC,795
fe1419b8e0c2793712fadf0bd4936748,Nash-Moreno,190
45024fdd69cd869de8f230cfe34dac73,Adams PLC,166
4efbf3165e23b316f08a16eaf3f4ede7,Clark-Taylor,194
c0867860576c0a7c00ffdaf1d760dad2,Clark-Taylor,660
a41b709a9a56a41a2330eb10bec98785,Nash-Moreno,464
d599380e818b678a38c5605ca2a2f149,Clark-Taylor,361
be2601afc4e05d20e74430594508c4c6,Clark-Taylor,183
9d2f6f6877c6e80d80e5363eca026220,Perez-Johnson,709
39cb1766d54d7e985af6e3ccae4eff91,Nash-Moreno,755
b035b632b831e1263564b8bfd2e8cb42,Clark-Taylor,145
e2b97928eb5e7700176459e9975fbb8f,Nash-Moreno,808
a4acb333b9b724a7d7eb2570eb195f8d,Clark-Taylor,375
238b669e90750ef92e258fef7c38813c,Perez-Johnson,398
a8bb73998e4d65a1c4ba3f290bc80419,Perez-Johnson,872
3f3a7e732d057d40221f980218abcadb,Nash-Moreno,203
e818b92718e2c02de153c7104fb02464,Perez-Johnson,677
744dd13dd720956992959cc92dca3805,Adams PLC,745
d890a23aa5601567bd7d5dbbe54df782,Adams PLC,712
b06da90e3416f3785fe9376f510f9c55,Perez-Johnson,956
c6f22b64806ad07285e89483b3e0ec6c,Clark-Taylor,442
77608e02bf711eab3e431545c030fa18,Clark-Taylor,282
136ccc7d90e3fb04088038d88797e8f0,Adams PLC,284
377f61b03d8999b70ac0f39f982d6fc2,Clark-Taylor,908
2f48bccf7bca705bff32c14c031b89a1,Clark-Taylor,843
98ad2f421523a61cdda9a79389801470,Clark-Taylor,850
deb6d0be5c4a81db709907892b43229a,Nash-Moreno,410
6976bc5b4b13739a6409d5abd8f2f63a,Adams PLC,917
67e14c3926e39b9b6d4f102dde254e91,Adams PLC,670
5fd6a41ac7c5a651b79477da4447ac52,Adams PLC,420
8667b2d105ddaed69420c2f12ef4f002,Nash-Moreno,412
30994c7d130d7c954d8c526a8a4bc84f,Nash-Moreno,173
8bfaa31435d058b9ea9b6cbabf87b2bb,Nash-Moreno,990
6ede1a50e45e2d63a142c86191aee0e2,Clark-Taylor,612
152846ec6c5e7ad69ca6fb16b8076756,Nash-Moreno,967
44b637f73af07acbdf363e7eba5498c2,Clark-Taylor,666
63dde65af5e15b563ad42f84bc6e6d5f,Perez-Johnson,766
002d08324663e40cd7ea2927c879536c,Perez-Johnson,593
a0324af5e57e67c2f4cc47fb0773f7a2,Clark-Taylor,326
b04b2d96520437f893ec92f224187487,Nash-Moreno,777
4e3a70d41298cabf32096145c41db722,Perez-Johnson,763
63b4cdc3f670ed8ee08ea58872bf86ae,Adams PLC,903
2fae661f1dc5e2c127d5d127918289ff,Adams PLC,374
d66882dfd9c4d0d8cd926da390919498,Nash-Moreno,245
edd437fefb66b5ae4634ea4700f3b564,Perez-Johnson,754
e433cd65e4ba275d3281cd0ca7ea9f01,Perez-Johnson,210
b739e926e4a51208fb3e66774643b8a4,Clark-Taylor,984
d001b5e76683171c95ecf9565da902b9,Adams PLC,576
f0300a0960c18392f01ca331cfb5db30,Nash-Moreno,980
e0a270aa270f39c31afc8c649a71b210,Nash-Moreno,844
904233f8b4db257371d89343dbc956af,Adams PLC,930
6b8562ec34b200c142868bf3190256b8,Clark-Taylor,150
e83e8ace71c96da5dc7ff204f5b0f6cd,Adams PLC,517
cc40360c9e9d5175bf6651c7fcc5513e,Adams PLC,603
b6dbb946f9a4313b0cebdbe61bd7dc22,Nash-Moreno,737
f8032ee0ba9dd072d09dcde91dc94406,Nash-Moreno,457
38b0c9659ae136f32e15985e2714837e,Nash-Moreno,598
a0cd26aedb05cfd00577be2849056a17,Perez-Johnson,529
955ecbf7b4bfb44a69eca20e6082f6bc,Perez-Johnson,401
1ab43f9c225542e65b1b2e720d9dfe16,Adams PLC,571
3ee804714963710ddd8f25832821cc35,Adams PLC,609
e89d78b400d4398291997a78429e565a,Perez-Johnson,258
5e95946b98e6ae25e4c264ce3559bda5,Nash-Moreno,959
96c2acf76ddf30c26cbbd4930888f012,Clark-Taylor,517
7315aa1ac8b1f7fffd45ed7f236fff0d,Perez-Johnson,793
9c78aef497b14c6c57d1d9b0ba03ea3b,Perez-Johnson,146
cf41147c125cd24b27c24f5e6876f446,Clark-Taylor,590
14cced46edf876bf9528e9f374d6f275,Clark-Taylor,807
b602be3fe6ee29d694ac6734de4e30c6,Adams PLC,927
2552786859d21e66c0140ad6c4114382,Nash-Moreno,537
35b1d5cd6245109a41ff37fe38eab6dd,Nash-Moreno,817
b8d21f2a753f4e2fd200c0b2f96f0b30,Perez-Johnson,821
126df00b10551a1922d9c93efc1fe3b2,Clark-Taylor,603
776233d13bb3f935382519189e51aeb3,Nash-Moreno,718
7e74f07e987c5506cb5a392894554daf,Clark-Taylor,395
ea23fb2e9619200db2ef76e918c2bb59,Clark-Taylor,792
71863b3f1d3ff8ee3e4787f04cd62f58,Perez-Johnson,374
be2efac0f210f8d5f9254e80d15f72f3,Adams PLC,804
e0892144c8c982a9947ad4f9cf4d7935,Clark-Taylor,114
f6f92625dfad2bd80b1542f09baba6c3,Perez-Johnson,237
e5c703bbaee0957ce4627c23be7077d3,Adams PLC,906
639c242f9e330d65546bc349ebd5ca50,Nash-Moreno,721
15cd48e293a5d5b0c13a74e22e4156fb,Nash-Moreno,283
37d68a4648e92ea53decfe44516badb8,Adams PLC,456
ff24460d1fdeba1af59113bc357b68f9,Adams PLC,821
67a36e8de21bdd63b145daa52d971d00,Perez-Johnson,279
ebce8e29394c4cfd4f4f15d9cce78242,Nash-Moreno,525
1b5fdf354d0e1e85dd6cb09a18339784,Adams PLC,412
220bc410865b416aae03ebed291565d4,Clark-Taylor,126
64d82b0312f5189aa43b1511315267e3,Nash-Moreno,244
9ab10f0e8fc25f3e98a26f14b9ade7b0,Nash-Moreno,826
c82a2e8e52a98b3df7f121537a15345f,Perez-Johnson,574
bb5eec359e9d67597747d943f4cf3cc4,Clark-Taylor,522
5cad30e0fd9fc99f377d842ac94331ff,Perez-Johnson,257
c136b1641b8daf97c131536ad04eb931,Nash-Moreno,786
4d95bda49ebd5fd766e131833c822c34,Adams PLC,422
e0cbce8222024c8843828d5467694800,Perez-Johnson,570
056002f0d520f483eaf2aa0db334afcd,Adams PLC,154
dc93c66c009dff2ea5884c66c1905dd0,Clark-Taylor,404
26736aecd987b51331f68284fe699c01,Nash-Moreno,911
c5432c6162aeb6ea817edebc0d178cc5,Adams PLC,905
8dcc025cf00455ce9de3c8f2805a1c35,Perez-Johnson,787
49775a8d4f71faf3061a416a1fa69886,Perez-Johnson,242
aeb0ddb53949223c50399f4d3918301c,Clark-Taylor,958
9c83fcc90973934404e0e232144599a6,Perez-Johnson,439
67b6950aeeed80969d8b22052e395afc,Clark-Taylor,399
fb1a342cd2ebeaf73388a60a4b2f3d7d,Perez-Johnson,825
295c265fbcb37e6e3383692957ae4a54,Perez-Johnson,990
cf268949c2f44d74ffda1f99ca8cb4da,Adams PLC,176
9e36d60e3a9fcd5377d7b6491a7bd5ec,Clark-Taylor,275
a7608f8bb673ba17666b6c8f5ceb8624,Perez-Johnson,678
437ef30a76f4bf1ba3479a6a55a90f3e,Perez-Johnson,101
f8704b8d9364b104017fa858cee3570d,Perez-Johnson,268
625a5df5eee7e258529aa085ae5bfd9b,Clark-Taylor,134
d86096e1dbb8bc0a3b13f2f4c32ae160,Clark-Taylor,515
ee68b45726d67f06af4b43bed95d4a73,Clark-Taylor,982
dded0caea0df45bee3e59c0968b9b313,Adams PLC,101
aa30686f29aebc0ae6bfb2a2a5f56e7c,Adams PLC,943
74b412e08178c5a27722d2b55bb075a6,Perez-Johnson,349
f7dc7f33f853f7914f63fafa46b10e5a,Perez-Johnson,563
625c02c3a5384c42c3d8211b331fc689,Clark-Taylor,622
fac332c6bedcfb57ee9d7f5badcddcef,Clark-Taylor,497
15de4c558cdec762cce6722a7b771a86,Perez-Johnson,251
5dc8a7b2c4a7b74283de2cfa4751730d,Perez-Johnson,336
ab511a89658434a4c84780332fcde6b2,Adams PLC,416
cf81cea4d2a6e13832de97085e706dae,Perez-Johnson,262
99548c67bd457f6451d27c00dfb4e5ab,Clark-Taylor,215
e8aa7055197e5dfe0c42416ab56af24d,Adams PLC,121
97938f33ee3d8bf743bfaecd5d261aa7,Nash-Moreno,696
de89e978da42993db27ccd9fd182601d,Nash-Moreno,678
a780f40b811d19e36b717037fab9af34,Adams PLC,854
5b5b3cc6650d6f28b8e4127422539985,Perez-Johnson,205
a1fa0924156d9ba7e5c83f694fee19dc,Clark-Taylor,444
c7d08b134a3dc90a252a057741120b5e,Clark-Taylor,764
96980bafd1d44b321eeed6c34a7562d6,Perez-Johnson,612
20c9621cd7f57bd035adabfa6c3db290,Clark-Taylor,920
b3392f0112d8efe11eb51b343ab3ed10,Nash-Moreno,128
c058f30df73cf84240398b9527dda70c,Adams PLC,354
03800de964aea7c2d5e2d97bd1f687be,Adams PLC,879
62f9686f7f45b145e951782d8af48717,Nash-Moreno,664
acf06531b7f52c37d5085273a2538e45,Nash-Moreno,285
9b2cb0f64c7b0053715654be9e8a7819,Adams PLC,229
53237c946f97516b07d2bff1953d49f7,Adams PLC,799
9b22ba3da63a1d0e5f485731ad595de6,Nash-Moreno,731
885692101336996612b7dea778a2eb44,Perez-Johnson,239
3ad3a05cfd67dbd362fc8d49156777c6,Perez-Johnson,843
83b1037fc3ebbd5d1f515ae84d59a5e3,Nash-Moreno,395
06c9cd5066cf9989138a90feeafa0974,Perez-Johnson,107
214108f93816ffb85b11202d8ad2181c,Nash-Moreno,822
f225e25ae4f5d8233183786d9cee9264,Perez-Johnson,894
a3176a5998f8535fdf5df7e8dacfba74,Perez-Johnson,948
bf8646bb5d0194a0226a7d2862eec892,Nash-Moreno,939
65358669d38079df762997b023e432c5,Perez-Johnson,831
7839cca90e07b368c9fad720bf1f6178,Perez-Johnson,696
acb90aa9317b85b78cc8480d36dd2c85,Adams PLC,784
c918ce462de63b659bcadbed45ec78fc,Clark-Taylor,738
daa420bcc5f7e99faef62dabc5f6ebf8,Perez-Johnson,138
6029fe4bdbac00781cc5b2c3f0938be5,Adams PLC,614
86ebf83afdc721e2ae6dd976733715fa,Clark-Taylor,836
871719c5ba880c1887e82cecae135524,Adams PLC,502
6d2b184ccd543c4768333fe10d2e5800,Perez-Johnson,224
a17e85f8c1c2bc7c5555e2457ae3092e,Nash-Moreno,289
983c92699d235f3a636d0cc2b2e37232,Clark-Taylor,234
46b74a72305804cf743b42a3da86b39e,Perez-Johnson,975
6320ba23ab3fd6cee83e42ae39135ab8,Adams PLC,553
5337526ebcdec3d65bf11d91cd0957c0,Adams PLC,862
5f029f5eb0316bf502eaccbb152a54bb,Perez-Johnson,933
5a6cefa5e8089f586233d0e345179252,Perez-Johnson,299
03a0b2fbdd7b77b245a7f7839d2e33b0,Nash-Moreno,514
b6fa7f3f47b099e59777a13c384ae6b4,Clark-Taylor,806
0dd9530890dc13cad7bdd6362d33844c,Perez-Johnson,676
56399e5c83c64b72b53c657fe94ef7ad,Adams PLC,286
0622c6456cac06be386246eae6e2b258,Nash-Moreno,231
30f3f423a4a348aaa2a134039a032e68,Perez-Johnson,773
3ee3d7a7b08e0344560fdd965c889070,Nash-Moreno,321
d8801b8a55dac9877da138a5282d163f,Nash-Moreno,194
be41c3b68577c3727617103425c2b81b,Perez-Johnson,200
796b8b92d8cd25d4bc935ef597dbe776,Adams PLC,535
0f5bc6341f1ca36309aed6ba16d71bef,Clark-Taylor,210
4a6f28d9bf5defeacba89c3ce1a09548,Perez-Johnson,387
f639a5509a4985e06f9758e3e9a8cc66,Adams PLC,212
0f00d47d2a846c38f48c63ce9457340a,Adams PLC,147
8d6dc5611401272fdbadaab62085423c,Nash-Moreno,807
63a5624756900113f16cc4a038972f46,Perez-Johnson,870
adfbbee8065d9f4aa07adc5160d1f377,Perez-Johnson,468
f5932b0c9c410169a9c20b96b6b3e2a4,Clark-Taylor,689
5c7a2980bb90cc113a04e959da9836fd,Adams PLC,756
0dcae35994a140cb99607016619377d7,Clark-Taylor,800
f4f11523eb0caf504d89566a8c4b2001,Perez-Johnson,341
051cc9e1af616bd87eae1545c9fca9f4,Clark-Taylor,293
b3092d98d985d76b4f84d3162321a20c,Adams PLC,569
83b3d3dea685babba880dc86f606427b,Nash-Moreno,329
f5e40e3b5c6a2af5acb4492be21ac358,Adams PLC,437
3a17c79b384a48bd194b33ac693665ac,Clark-Taylor,303
84668bdf635e81b602cc97a88eb31e36,Nash-Moreno,659
2954b7decdc8dd033a86e0eb577a8fc4,Clark-Taylor,794
1bbae2e95b7eb2c2cc24444162dd43a6,Perez-Johnson,343
70ef9d757dd44152f0de27d645b32682,Perez-Johnson,783
ff41c2afbd932e8c2a1f90babc1f9797,Adams PLC,278
827eabbb962bf0118c0aeb6142eb2536,Nash-Moreno,742
df64a4dd1f0fc043e9a8f540e002b107,Nash-Moreno,730
98ec74e0b7dbc725e51b232bd49cb67a,Adams PLC,434
073ca5e50c20e62cefd82f5f519581f5,Perez-Johnson,383
a5e6eb91988133ebb0eb3f53cbfd967b,Nash-Moreno,543
2cc80293f583bf57a9796c8795bb48ee,Nash-Moreno,917
32957ee9561ae7cb6cdbe706ee8b8202,Nash-Moreno,776
46e32c97795362130202c0777794a34b,Perez-Johnson,686
c7406cde23c7e0803928dfad552c80f3,Clark-Taylor,219
ac1f2262e8ac8e437e9039c1f47761e5,Perez-Johnson,342
7258ccb10c5ded320bd69e35c935449f,Nash-Moreno,293
37fc05ed1b56e7bf9ab9318744a1698b,Nash-Moreno,127
dece8721b1d05c5219382777c68d59cf,Perez-Johnson,411
5a1cb38804f73272c2ccf6ffdbb7797a,Perez-Johnson,523
c13b2f8819c7ec28a4cca26e44336d39,Adams PLC,752
9323208898f562a294396efa83bdb4e7,Adams PLC,409
8ac3dc2d3ca4f70f763a1310bde4e243,Perez-Johnson,750
b8400889eaf0a560f58aa0e4c4f9ada0,Nash-Moreno,840
fd89557144ec188286a0ed8a6d4e376a,Perez-Johnson,471
0dc33f304976a8ea2a6e211b727f7cae,Adams PLC,141
2b37bee2d8193d1954b63d96fb78ff18,Adams PLC,832
7e82c5d7e6ed37a84d01bdb28e24b1e6,Adams PLC,481
c4e343536d3ce9ca91f91d82c21fd6f1,Adams PLC,887
5c12c7d832b74671408bd47e02b0b3a6,Clark-Taylor,507
b66c2a4341802ce928fdb2cccc92fe59,Nash-Moreno,748
cb8f128184f253a967c0c9eb186d8f60,Nash-Moreno,770
83c06adc5f4919ecb65fcad45e492a20,Perez-Johnson,221
6b99dd15d8f57c68d563a9eea88faee2,Nash-Moreno,414
ade910e4ee1cc9c8b985f74a722f7a9d,Clark-Taylor,725
ea6b76bbb698fcd2b89f3683e31679ad,Perez-Johnson,134
f72c9d0f90cc303a417fba3fd7e0a371,Clark-Taylor,552
7558977ced7fb5692fa0fc3b49b910f4,Adams PLC,868
aae3e56334db86f6562764243850c897,Clark-Taylor,773
a9eab5045dbc7812efcd453ced5ee556,Adams PLC,695
8970fe9510ea55d89c792ed29f1aacfb,Perez-Johnson,656
a25489331d6c47d774c2bfb06816445d,Adams PLC,318
406223fab3357ffe272497498a760731,Nash-Moreno,264
0f75e79e487a1f67c552a06d66630fd2,Clark-Taylor,181
956818f0526a2e492fd1a0c361113081,Nash-Moreno,219
c1ad96e268dceb29298eb1bb263432d6,Adams PLC,845
3a24af6b8ff2018f67de71a5bdce77d7,Clark-Taylor,895
77eb38cfd3eeed370704da7a5484eb5a,Clark-Taylor,207
5b84db10095fd7c24d9c1287d45e2a52,Nash-Moreno,682
e3a8ffeb98cb3227067c356f6dae9dac,Clark-Taylor,972
1a37f81d31cc8de4d618bff2d453afb2,Clark-Taylor,556
35e33b28e743bde50094a3daab6651fa,Clark-Taylor,171
76b0e4ccd4efbd8f439f10fd78138412,Nash-Moreno,922
c98fbc71fc896e7f44cff04defa0b8f2,Nash-Moreno,601
b0e3eeae9aebfc074e2703ae8850866e,Nash-Moreno,409
8c22ce015e3013b61a42947ccd393673,Nash-Moreno,763
31de175086cfcf92096ae6b2d73471db,Clark-Taylor,786
9dd6b750b2f5e4339ddada19870d125f,Nash-Moreno,333
49b40420e3aaf411634f26486fc7a64e,Nash-Moreno,594
2362c5804875a3e42d7e9569342a7612,Adams PLC,433
6558e4e3aeb91f8bb2713047451b988e,Adams PLC,329
aaa33415c02cb6eff282d07fbb34ebba,Perez-Johnson,639
2ab8c80054f63d6f89c43e88adf130ea,Perez-Johnson,994
c4930c9c2759f66179544453ffca7f5c,Nash-Moreno,981
237038a0f93fd7a84528fc2cb9520fd9,Clark-Taylor,116
6d0f5a0d403037a56e4b4e754903e9fb,Adams PLC,838
9c4904d34469eaa817c25b4e9f01f458,Adams PLC,139
b04b5d9a2f79e6919876831687a5a49a,Perez-Johnson,706
b3609e98be5284efd41aebe3e43bce2c,Nash-Moreno,187
6422c11419240d91344098ed5bc86c49,Clark-Taylor,391
a099da855bcc20eddb64f39e54b6cd1f,Clark-Taylor,198
b9db27a3496fffc2b11c82669f29dd46,Adams PLC,710
06fa3cf8b5331d4f06513f711e820d67,Nash-Moreno,604
92f5304a008fea337fcfb4d6dc663312,Perez-Johnson,256
28a0a819d4a8e30045d234e582c46c9b,Clark-Taylor,997
f43474556662bc8a7f2cf088b46a3a5f,Clark-Taylor,683
63371bc613cdcd6b38d8736a72a378ad,Adams PLC,878
a3d629731868f49cbf7179944d9a30bc,Adams PLC,532
997960899d6ae4ada6130aa47d721532,Nash-Moreno,360
15b725969af10d4e7c3b5ea85870545f,Nash-Moreno,474
10b7391cc24909c1eaeb531564b03a4e,Clark-Taylor,797
1d4e74cfd7835b139347b5f1134392c3,Clark-Taylor,280
a89deca33515cf0470b07bbd8812cc7b,Perez-Johnson,846
86c4b80e8926c7daa286859e94bbb8de,Nash-Moreno,377
5451f9234181940d18ca8e935ce53051,Adams PLC,586
9f8e6f1480e8621716b660e8e01b01e8,Clark-Taylor,440
3566f57b612a796aacb9a68cfb9a7278,Nash-Moreno,565
ac5d0ebcb34ed92c911b116e8c765099,Nash-Moreno,453
aafe21a0dd61430a2f201a6b032f40ea,Nash-Moreno,573
02777894498b169d87423898277207e5,Nash-Moreno,275
ee98bf1982633edb9b20854f5d47e9e1,Perez-Johnson,397
fa8d3254c9f62dc636e651e9490c5f02,Clark-Taylor,254
67dbb5ccff3842410b9bc09a8c57c10c,Nash-Moreno,236
c9b7f818b947a29d83962b698cb5b30c,Nash-Moreno,949
205f865036d09215f1ad50850a33dd69,Adams PLC,964
be527898c0581c47cf675cb4a805fbca,Adams PLC,622
4bcc599a7ffbff48290e2f3b7bc23bd2,Perez-Johnson,788
ed05c2d0a5f293c59a93e6293291caca,Adams PLC,339
cbffbd69fbd02397254315ddf6a4b3b6,Clark-Taylor,434
4c6941f93607ee44d681738f39ead750,Perez-Johnson,330
c013e6eae4fb00eb10d1cff1ded14bf1,Nash-Moreno,661
5c080585878a3a4ceaf8e271cce7102b,Perez-Johnson,640
e5066cb59a9feaecf158013fac354ab8,Perez-Johnson,316
7d1f53fe94f928d5772ae26985b109fd,Adams PLC,898
ea688fbd4dd23af3a42af04143a18df4,Clark-Taylor,504
ab06ea38a9dcd571c97d3affc674a960,Clark-Taylor,887
ebb32ef39a1e177db782c30717a7f5b6,Perez-Johnson,966
673adae724927eeae5bea98cbad966b4,Clark-Taylor,279
5a27c0169f412d6b936751f42cbc5f22,Perez-Johnson,977
2ffbc675d5f64e338a61533e857b8f37,Clark-Taylor,496
922a9850393d177987709aea9be1c0f2,Adams PLC,183
bd2a697ae01c87a901cc583ce4b2a9ba,Perez-Johnson,583
78f6acb21c45443ef4ec7955e1504657,Clark-Taylor,980
30dbfe1fa1c00a97fb4ada8ae650ec5c,Perez-Johnson,373
2c46ed53ffcbd70d696f309e065436a3,Clark-Taylor,888
2c006c339b9f139eb1767b2e9e178d52,Nash-Moreno,918
fc807622025f3b64eece6a07bed71ed2,Nash-Moreno,629
8e5fec055aa0ae3a8001bdd82d3d7722,Nash-Moreno,334
fbde27d583061089ae54dac337420359,Nash-Moreno,522
048131f09ffeacef1c2995a59dc64d60,Adams PLC,835
cf5370399701c14e9d784f4aed2cd57e,Nash-Moreno,139
6d501a78019e7079b7e45627d1dbac65,Perez-Johnson,227
327a8747d69e0bf382ac69537b0c08b0,Adams PLC,292
e58ae1a6e708013e2492e903ad73c9e3,Clark-Taylor,389
3cae17a42d6ea34dad126d29e932de13,Adams PLC,921
da23875a66a381221ca76e2063b68f3a,Clark-Taylor,333
7c8e7e8454e47452d26b6f906bb8610d,Clark-Taylor,294
23fb780dbff7efd6030ed65b9daa44a8,Adams PLC,231
1510a5576ebacce0a461c3f261c739a8,Adams PLC,552
24843a3d4a1e2cedc1ceca20d8f3a66b,Clark-Taylor,455
140145bf93e93636d162419d4da60b8d,Adams PLC,741
b35be9ecabb6fa5b85a2b90b7a766e09,Perez-Johnson,980
82dbf066512fb621dc2f352d8b0f68ca,Perez-Johnson,880
612cfe212495c86262bfe5fe7a75a29f,Nash-Moreno,564
747f0edf16f7bb1a3c3a4a5e2312aa7a,Nash-Moreno,566
9aee0321ed6b643b3739d2e0e17c41fa,Perez-Johnson,184
feba6d88e040c4332958eb6a95f56710,Nash-Moreno,273
a8e47dc713fc73e89a82ef9eae9b554a,Adams PLC,844
b7183b080aa66200477183e9948e54ca,Clark-Taylor,551
e636a1b4b30d29413696692e777b1bfc,Nash-Moreno,372
a5ea78dcb808f2ccdbc34f9ec094f9e1,Perez-Johnson,129
4f22c76973e8ac44be426e669fc7849c,Perez-Johnson,416
9c21ca5b29ba55097cd93e3ac2846767,Adams PLC,136
fb5cb7277bde2635c24b575d42f5a914,Nash-Moreno,439
e8a1d8b5e586ed9ac04066bc824c6431,Perez-Johnson,486
22e0764b9f9d85425efde915bfeec45d,Clark-Taylor,703
6589aa70f20ca500a8937e0188b76be1,Perez-Johnson,497
9ab1cc3c9b2662ae8ddc881ae936ed01,Perez-Johnson,791
da5c9bbe1d779dfe55793eb366a9b72f,Clark-Taylor,919
173d8183d25fbad6fd886e91b143963b,Perez-Johnson,346
753f5acf2eecd84ea5fd980e60a15455,Adams PLC,961
5978d64a7caf06a36fed347df8e60875,Clark-Taylor,936
8dff2f158031dc6be6ad0b4017a00c8a,Perez-Johnson,900
d99638d9f48d527e58563e54bf65e4cc,Perez-Johnson,889
e227d27951b1c0033a0a18174f0fc865,Perez-Johnson,244
a7c2a720dcb381deb10a0e0baa49d664,Adams PLC,684
0bb7f55f1c11affae4f1b94f6dc24402,Perez-Johnson,720
1695f6f8ecdb2961e6e8936097de783f,Adams PLC,259
b9d3b0db20de442baac1e2ee1222ef8e,Adams PLC,496
dd7705f82f165910b047f2dc6c5b9ee2,Perez-Johnson,189
ec55028f76a91b9ba7c0a0845e813f80,Clark-Taylor,959
b522734c8572071639f6e09b076fb958,Clark-Taylor,151
8a6fbcb695b353699a724cb9a7321d88,Adams PLC,665
ef57be557a05d408f41905f915faf200,Clark-Taylor,880
c6426bb12970d832233310c04f870783,Nash-Moreno,764
0ad0d2aba6b31d360909182d31ccb4df,Clark-Taylor,481
bc5f7570e86df5243c7771403b7bf0ee,Nash-Moreno,689
86c1aa5ca1e4915fcca2d9b7c85fba87,Adams PLC,840
501f7b95db01edc7e6e6400239117479,Adams PLC,200
c3bbbcbf563656f4cad5452a6488509a,Nash-Moreno,205
11e4014ab641275d75cde92fead42251,Adams PLC,837
d9c8dac792a22ca402b5d1b5e3e34f2a,Perez-Johnson,536
8a07e093615e5cdf495592ce2fc1f8a2,Adams PLC,172
e35827c3eb2984d1a0d9a5e725333bcc,Perez-Johnson,714
ad6fdee1324a12b0f84b3cb6f12ab44d,Clark-Taylor,894
37181a92cb2b01abeb913a8c24771f73,Perez-Johnson,203
c1076243c8d188a961fcc7e68c7516a6,Clark-Taylor,321
4e1db2855039028f89bd257b8d3ddc82,Clark-Taylor,864
bc6867911e91bf933f6e4848f9bd045e,Perez-Johnson,590
9948ae7ea96f2deec7eb2297e96a9590,Clark-Taylor,437
c99543aa32ad06aedf846775db2a2ea9,Nash-Moreno,945
74c590c893e68681cb9eaae3228a9d1e,Nash-Moreno,107
965a2c716d6e0b076603ff64798c4d74,Nash-Moreno,551
c6cb1c02cac4b802cf15035b9493f994,Clark-Taylor,537
a024d151c5acb0389a2e3f0e60201b44,Nash-Moreno,700
6eee76ff2159e8157d5f35d13831bef3,Nash-Moreno,884
a9180e19d7ff5b285616f64cab5bb4a4,Nash-Moreno,948
bf6c2de1a35cee1774adf343ef1ec8e6,Adams PLC,287
a42f71e3377466358296f93e12726468,Clark-Taylor,913
130e6e292030fa7de077bd5c54c578bc,Clark-Taylor,468
9d16979513641a661d3d6d652d09badd,Clark-Taylor,768
f6ed800bdc62ad06ead0770682fc307d,Perez-Johnson,582
59fbd22f74df3663ec64e41947adba71,Perez-Johnson,632
5db0e671cf320316afbdb777a4cd6280,Nash-Moreno,854
5defc58960ad7d7d80bb9deda148c8f1,Adams PLC,336
7fba3d10108f7a36c33ba5ae8c9d40ad,Adams PLC,689
29d60c21acea7fda4fbc6f2e4333f3c3,Nash-Moreno,656
fd660cec0131fa022b3d80d90d6ea80a,Perez-Johnson,568
20d57a37051fa88db34d8eba9e208798,Perez-Johnson,548
3724433f03efd01aad431a63c2f1f560,Clark-Taylor,945
bd21dd5aa4bc25e9cbaa2ebe4e54ecdd,Adams PLC,639
b56360c7884ff690b8637964064bd3f7,Adams PLC,504
18b38a5e19d029a6e441b8dd9adf1115,Nash-Moreno,192
3abcd97ac7ec3595f8746c422182236e,Perez-Johnson,427
fa953777b7068e93d86a8aeb64165d87,Adams PLC,428
d1fc39efacb53f918637f3a1e033c0e7,Adams PLC,781
26f85bd9ed6d699d7730c5389697938c,Adams PLC,967
3f5eb84d11572dd6ad2fb0ccd8bde4c2,Clark-Taylor,167
6b9ec1d4adb5569a747cf6b5ced7c492,Nash-Moreno,574
a8b050812311789c89775020ef444faa,Nash-Moreno,470
61e364c16a33b94f8cf3cd6ab434f81f,Adams PLC,651
85b23df23116859e7e053267c6b4e7e1,Adams PLC,464
3d8f0309a6e91f3c0337b6192ebc4a52,Nash-Moreno,267
e319ee7d4b2941a10fddb081c46b03f2,Adams PLC,541
79bacd97faebf5a8c9f42b28a6b56d54,Perez-Johnson,928
ba264f6970ee51609ddfb2c9bcfe86c7,Adams PLC,626
fd8028b2c92eca1f177381a4b14e86f6,Clark-Taylor,456
feac395059ea96fce2ad79c7e5bdf8b5,Nash-Moreno,977
df6c9289df2efb3e388065722ac3f05d,Perez-Johnson,606
5a3945592cc804b8584e4cc57f539678,Nash-Moreno,480
e48e626acd23bc58d34863bf958b526a,Nash-Moreno,785
35a95b20b8d98c7f31f495650becff78,Nash-Moreno,161
2862f2b5f882d5b564fd81f2d4cde36d,Nash-Moreno,228
02568049ca714f179b1b279f62c5f313,Clark-Taylor,233
129165102abef8596536432003060cd6,Clark-Taylor,553
9f28ed74abe5e69fd58f0527219d717e,Adams PLC,949
e5b8ae302923d6e02bab208dbf78e5aa,Clark-Taylor,459
3de11023340a6c80a09b0cf2aae38fac,Clark-Taylor,157
8971d394e469e4634e1eb54ba544414e,Nash-Moreno,960
2b1fd83649a8650d2ae66891eb51d8c9,Nash-Moreno,550
abfbb8601e9c2842f30dd22f7dd47125,Adams PLC,134
ad243ad8c11573e9fc0f97535c82e063,Clark-Taylor,200
021e24922160fdfc39f9760e1d773ca5,Clark-Taylor,867
14584602b58a815e1ad5d00973e64a00,Adams PLC,484
fe7943b470f88883d03176c5f38739fc,Nash-Moreno,438
ff572a7f1d151bb115b8973768becb15,Adams PLC,612
13ad1d2abcc5011ab6c33214e9055381,Nash-Moreno,851
66b676052e9dc40f50e1735793e31074,Nash-Moreno,327
c70c164769e76452b296c3a155687d33,Nash-Moreno,603
23d666dc50eb75692ef13a660fbbc8cb,Perez-Johnson,772
ef4766a5202c5ce0a9f11b44a0e30808,Perez-Johnson,505
e3f6e04c49c815f0a5c8f1011baf08f4,Nash-Moreno,994
cf0aefb14dbc3f95e6d7ff187849b38d,Clark-Taylor,860
f216b545142246e7b10c3fcce6e41993,Nash-Moreno,898
961b41191418b8d5e0a3e84a43d222de,Adams PLC,261
90b3a8d3fec6694aaa71c21eb2600848,Adams PLC,392
89751b82944c24d599131f8772dcc0e7,Perez-Johnson,718
307b3f2a21459eaeca2f2c15b9b790d9,Adams PLC,800
c17300da91c7c2cdb184e864c1d2a8a1,Adams PLC,145
2208157fb85f3e5ce85ab3c4aec1c37d,Perez-Johnson,176
7916e6d0d468a9a6ef473248e6d1a487,Nash-Moreno,495
be3cb51f8cd8a9991cf8e835371f9f81,Perez-Johnson,264
a85f4a1bee39ee23b99466e8c5e566f8,Adams PLC,900
dceea83dd1868e4a1466608a1d1a771d,Nash-Moreno,722
7a5311e3c6a0e5fe790397c48c88de8b,Adams PLC,798
488adb9ef208c1e06e0329adbaf621ba,Clark-Taylor,585
989d6c9b0d563ae95696ab7a13dbf4c0,Nash-Moreno,391
038fd2ba33d628815a54ff07cbcf7fd9,Adams PLC,272
b3a79c44e3ea1e422515cbb30e48edd1,Adams PLC,744
728e13e77eb20252feed1edc401ba6fa,Perez-Johnson,636
6983020e9793996e34ddc8d68c9b3032,Clark-Taylor,472
f640fb597a5af12701ac2edcdd5f98f8,Perez-Johnson,822
65f0826220ea39272a04413145865e40,Perez-Johnson,564
adbd4ceaf8ac78355dcce28f679d45b7,Perez-Johnson,565
23d7ec1a392b9280defb2d1677f369a1,Clark-Taylor,169
cb4e2c06b17554cc97182fade9d67d29,Adams PLC,257
417067bcd990bc4ec8d0175a64db26b8,Nash-Moreno,416
34b82419c35500b9ce1de6eaef914a04,Adams PLC,367
771a2b0725336f3c15f0aded55c43d2f,Adams PLC,904
